seq_len,batch_size,vanilla_time_ms,overlap_time_ms,speedup,improvement_pct,tokens_sec_vanilla,tokens_sec_comet
32,32,60.94,48.04,1.268526228143214,21.16836232359698,16803.0,21316.0
64,32,133.24,98.06,1.3587599428921069,26.403482437706398,15371.0,20886.0
128,32,228.24,181.93,1.2545484527015884,20.290045566070802,17946.0,22514.0
