seq_len,batch_size,vanilla_time_ms,overlap_time_ms,speedup,improvement_pct,tokens_sec_vanilla,tokens_sec_comet
32,32,62.43,48.15,1.2965732087227415,22.87361845266699,16402.0,21265.0
64,32,133.33,91.42,1.4584336031502954,31.433285832145806,15360.0,22401.0
128,32,237.79,188.44,1.261887072808321,20.753606123049746,17225.0,21737.0
256,32,470.77,368.78,1.2765605510060198,21.664507084138755,17401.0,22214.0
