seq_len,vanilla_time_ms,overlap_time_ms,speedup,improvement_pct,tokens_sec_vanilla,tokens_sec_comet
32,15.24,9.36,1.6282051282051284,38.58267716535433,8398.0,13674.0
64,25.28,14.7,1.7197278911564629,41.85126582278482,10125.0,17413.0
128,35.73,27.26,1.3107116654438735,23.705569549398252,14330.0,18784.0
256,63.46,47.08,1.3479184367034835,25.811534825086675,16137.0,21748.0
